<MSHSetings xmlns="http://msh.laurentius.si/pmode">
    <Services>
        <Service id="DeliveryWithReceipt" serviceName="DeliveryWithReceipt" useSEDProperties="true">
            <Initiator role="Sender"/>
            <Executor role="Receiver"/>
            <Action name="Delivery" sendingRole="Sender">
                <Properties>
                    <Property name="originalSender" required="true"/>
                    <Property name="finalRecipient" required="true"/>
                </Properties>
                <PayloadProfiles maxSize="10000">
                    <PayloadProfile name="test" maxSize="10000" maxOccurs="1"/>
                </PayloadProfiles>
            </Action>
        </Service>
        <Service id="LegalDelivery_ZPP" serviceName="LegalDelivery_ZPP" serviceType="SVEV">
            <Initiator role="Sender"/>
            <Executor role="Receiver"/>
            <Action name="DeliveryNotification" sendingRole="Sender">
                <PayloadProfiles maxSize="10000">
                    <PayloadProfile name="DeliveryNotification" MIME="application/pdf" maxOccurs="1" minOccurs="1"/>
                    <PayloadProfile name="EncryptedPayload" maxSize="10000" maxOccurs="999" minOccurs="1"/>
                </PayloadProfiles>
            </Action>
            <Action name="AdviceOfDelivery" sendingRole="Receiver">
                <PayloadProfiles maxSize="10000">
                    <PayloadProfile name="AdviceOfDelivery" MIME="application/pdf" maxOccurs="1" minOccurs="1"/>
                </PayloadProfiles>
            </Action>
            <Action name="EncryptedKey" after="DeliveryNotification, AdviceOfDelivery" sendingRole="Sender">
                <PayloadProfiles maxSize="10000">
                    <PayloadProfile name="EncryptedKey" MIME="application/xml" maxOccurs="1" minOccurs="1"/>
                </PayloadProfiles>
            </Action>
            <Action name="FictionNotification" after="DeliveryNotification" sendingRole="Sender">
                <PayloadProfiles maxSize="10000">
                    <PayloadProfile name="FictionNotification" MIME="application/pdf" maxOccurs="1"/>
                    <PayloadProfile name="EncryptedKey" MIME="application/xml" maxOccurs="1" minOccurs="1"/>
                </PayloadProfiles>
            </Action>
        </Service>
    </Services>
    <Parties>
        <PartyIdentitySet id="test-laurentius" isLocalIdentity="true">
            <PartyId type="urn:oasis:names:tc:ebcore:partyid-type:unregistered:si-svev:name" valueSource="name"/>
            <PartyId type="urn:oasis:names:tc:ebcore:partyid-type:unregistered:si-svev:sed-box" valueSource="address"/>
            <TransportProtocol id="defalut" isTwoWayProtocol="true">
                <Address connectionTimeout="120000" receiveTimeout="180000" chunked="false">https://127.0.0.1:8443/laurentius/msh</Address>
                <TLS serverTrustCertAlias="test-tls"/>
                <Proxy host=""/>
                <SOAPVersion>1.2</SOAPVersion>
            </TransportProtocol>
            <LocalPartySecurity signatureKeyAlias="test-laurentius" decryptionKeyAlias="test-laurentius"/>
            <ExchangePartySecurity signatureCertAlias="test-laurentius" encryptionCertAlias="test-laurentius"/>
        </PartyIdentitySet>
        <PartyIdentitySet id="court-laurentius" domain="court-laurentius.si" isLocalIdentity="false" active="true">
            <PartyId type="urn:oasis:names:tc:ebcore:partyid-type:unregistered:si-svev:name" valueSource="name"/>
            <PartyId type="urn:oasis:names:tc:ebcore:partyid-type:unregistered:si-svev:sed-box" valueSource="address"/>
            <TransportProtocol id="court-https" isTwoWayProtocol="true">
                <Address connectionTimeout="120000" receiveTimeout="180000" chunked="false">https://b2g-test.sodisce.si/laurentius/msh</Address>
                <TLS clientKeyAlias="test-laurentius" serverTrustCertAlias="court-laurentius"/>
                <Proxy host=""/>
                <SOAPVersion>1.2</SOAPVersion>
            </TransportProtocol>
            <LocalPartySecurity/>
            <ExchangePartySecurity signatureCertAlias="court-laurentius"/>
        </PartyIdentitySet>
    </Parties>
    <SecurityPolicies>
        <Security id="sign_sha256" WSSVersion="1.1">
            <X509>
                <Signature hashFunction="http://www.w3.org/2001/04/xmlenc#sha256" algorithm="http://www.w3.org/2001/04/xmldsig-more#rsa-sha256">
                    <Reference allAttachments="true">
                        <Elements>
                            <XPath xpath="env:Header/eb3:Messaging">
                                <Namespace prefix="eb3" namespace="http://docs.oasis-open.org/ebxml-msg/ebms/v3.0/ns/core/200704/"/>
                                <Namespace prefix="env" namespace="http://www.w3.org/2003/05/soap-envelope"/>
                            </XPath>
                        </Elements>
                    </Reference>
                </Signature>
            </X509>
        </Security>
    </SecurityPolicies>
    <ReceptionAwarenessPatterns>
        <ReceptionAwareness id="AS4ReceiptResponse" replyPattern="response" receiptType="AS4Receipt">
            <Retry maxRetries="3" multiplyPeriod="3" period="5678"/>
            <DuplicateDetection windowPeriode="P1Y"/>
        </ReceptionAwareness>
    </ReceptionAwarenessPatterns>
    <PMode id="DeliveryWithReceipt">
        <ServiceIdRef>DeliveryWithReceipt</ServiceIdRef>
        <LocalPartyInfo partyIdentitySetIdRef="test-laurentius">
            <Role>Sender</Role>
            <Role>Receiver</Role>
        </LocalPartyInfo>
        <ExchangeParties>
            <PartyInfo partyIdentitySetIdRef="test-laurentius" partyDefTransportIdRef="defalut">
                <Role>Sender</Role>
                <Role>Receiver</Role>
            </PartyInfo>
            <PartyInfo partyIdentitySetIdRef="court-laurentius" partyDefTransportIdRef="court-https">
                <Role>Sender</Role>
                <Role>Receiver</Role>
            </PartyInfo>
        </ExchangeParties>
        <MEP>
            <MEPType>http://docs.oasis-open.org/ebxml-msg/ebms/v3.0/ns/core/200704/oneWay</MEPType>
            <MEPChannelBinding>http://docs.oasis-open.org/ebxml-msg/ebms/v3.0/ns/core/200704/push</MEPChannelBinding>
            <MEPInitiatorRole>http://docs.oasis-open.org/ebxml-msg/ebms/v3.0/ns/core/200704/initiator</MEPInitiatorRole>
            <Leg>
                <MPC xmlns:tns="http://msh.laurentius.si/pmode" xmlns:xsi="http://www.w3.org/2001/XMLSchema-instance">http://docs.oasis-open.org/ebxml-msg/ebms/v3.0/ns/core/200704/defaultMPC</MPC>
                <Transport>
                    <ForeChannel action="Delivery" securityIdRef="sign_sha256">
                        <ReceptionAwareness raPatternIdRef="AS4ReceiptResponse"/>
                    </ForeChannel>
                    <BackChannel securityIdRef="sign_sha256"/>
                </Transport>
            </Leg>
        </MEP>
    </PMode>
    <PMode id="ZPP-legal">
        <ServiceIdRef>LegalDelivery_ZPP</ServiceIdRef>
        <Plugins>
            <InPlugins>
                <Plugin>java:global/plugin-zpp/ZPPInInterceptor!si.laurentius.commons.interfaces.SoapInterceptorInterface</Plugin>
            </InPlugins>
            <OutPlugins>
                <Plugin>java:global/plugin-zpp/ZPPOutInterceptor!si.laurentius.commons.interfaces.SoapInterceptorInterface</Plugin>
            </OutPlugins>
        </Plugins>
        <LocalPartyInfo partyIdentitySetIdRef="test-laurentius" partyDefTransportIdRef="defalut">
            <Role>Sender</Role>
            <Role>Receiver</Role>
        </LocalPartyInfo>
        <ExchangeParties>
            <PartyInfo partyIdentitySetIdRef="test-laurentius" partyDefTransportIdRef="defalut">
                <Role>Sender</Role>
                <Role>Receiver</Role>
            </PartyInfo>
            <PartyInfo partyIdentitySetIdRef="court-laurentius" partyDefTransportIdRef="court-https">
                <Role>Sender</Role>
                <Role>Receiver</Role>
            </PartyInfo>
        </ExchangeParties>
        <MEP>
            <MEPType>http://docs.oasis-open.org/ebxml-msg/ebms/v3.0/ns/core/200704/oneWay</MEPType>
            <MEPChannelBinding>http://docs.oasis-open.org/ebxml-msg/ebms/v3.0/ns/core/200704/push</MEPChannelBinding>
            <MEPInitiatorRole>Sender</MEPInitiatorRole>
            <Leg>
                <MPC xmlns:tns="http://msh.laurentius.si/pmode" xmlns:xsi="http://www.w3.org/2001/XMLSchema-instance">http://docs.oasis-open.org/ebxml-msg/ebms/v3.0/ns/core/200704/defaultMPC</MPC>
                <Transport>
                    <ForeChannel action="DeliveryNotification" securityIdRef="sign_sha256">
                        <ReceptionAwareness raPatternIdRef="AS4ReceiptResponse"/>
                    </ForeChannel>
                    <BackChannel securityIdRef="sign_sha256"/>
                </Transport>
            </Leg>
        </MEP>
        <MEP>
            <MEPType>http://docs.oasis-open.org/ebxml-msg/ebms/v3.0/ns/core/200704/twoWay</MEPType>
            <MEPChannelBinding>http://docs.oasis-open.org/ebxml-msg/ebms/v3.0/ns/core/200704/sync</MEPChannelBinding>
            <MEPInitiatorRole>Receiver</MEPInitiatorRole>
            <Leg>
                <MPC xmlns:tns="http://msh.laurentius.si/pmode" xmlns:xsi="http://www.w3.org/2001/XMLSchema-instance">http://docs.oasis-open.org/ebxml-msg/ebms/v3.0/ns/core/200704/defaultMPC</MPC>
                <Transport>
                    <ForeChannel action="AdviceOfDelivery" securityIdRef="sign_sha256">
                        <ReceptionAwareness raPatternIdRef="AS4ReceiptResponse"/>
                    </ForeChannel>
                    <BackChannel action="EncryptedKey" securityIdRef="sign_sha256"/>
                </Transport>
            </Leg>
        </MEP>
        <MEP>
            <MEPType>http://docs.oasis-open.org/ebxml-msg/ebms/v3.0/ns/core/200704/twoWay</MEPType>
            <MEPChannelBinding>http://docs.oasis-open.org/ebxml-msg/ebms/v3.0/ns/core/200704/sync</MEPChannelBinding>
            <MEPInitiatorRole>Sender</MEPInitiatorRole>
            <Leg>
                <MPC xmlns:tns="http://msh.laurentius.si/pmode" xmlns:xsi="http://www.w3.org/2001/XMLSchema-instance">http://docs.oasis-open.org/ebxml-msg/ebms/v3.0/ns/core/200704/defaultMPC</MPC>
                <Transport>
                    <ForeChannel action="FictionNotification" securityIdRef="sign_sha256">
                        <ReceptionAwareness raPatternIdRef="AS4ReceiptResponse"/>
                    </ForeChannel>
                </Transport>
            </Leg>
        </MEP>
    </PMode>
</MSHSetings>