
<SedLookups xmlns:ns2="http://laurentius.si/cron/" xmlns:ns3="http://laurentius.si/ebox" xmlns:ns4="http://laurentius.si/xslt" xmlns:ns5="http://laurentius.si/plugin" xmlns:ns6="http://laurentius.si/property" xmlns:ns7="http://laurentius.si/user" xmlns:ns8="http://laurentius.si/cert" xmlns:ns9="http://laurentius.si/cert/crl" exportDate="2016-11-25T10:50:42.446+01:00">
    <SEDCronJobs>
        <ns2:SEDCronJob id="10" name="archive" active="false" second="*/20" minute="*" hour="*" dayOfMonth="*" month="*" dayOfWeek="*">
            <ns2:SEDTask taskType="archive">
                <ns2:SEDTaskProperty id="11" key="archive.folder">${laurentius.home}/backup/</ns2:SEDTaskProperty>
                <ns2:SEDTaskProperty id="12" key="archive.chunk.size">1000</ns2:SEDTaskProperty>
                <ns2:SEDTaskProperty id="13" key="archive.delete.records"></ns2:SEDTaskProperty>
                <ns2:SEDTaskProperty id="14" key="archive.day.offset">5</ns2:SEDTaskProperty>
            </ns2:SEDTask>
        </ns2:SEDCronJob>
        <ns2:SEDCronJob id="15" name="backup" active="false" second="*/20" minute="*" hour="*" dayOfMonth="*" month="*" dayOfWeek="*">
            <ns2:SEDTask taskType="backup">
                <ns2:SEDTaskProperty id="16" key="backup.folder">${laurentius.home}/backup/</ns2:SEDTaskProperty>
                <ns2:SEDTaskProperty id="17" key="backup.chunk.size">1000</ns2:SEDTaskProperty>
                <ns2:SEDTaskProperty id="18" key="backup.clear.first"></ns2:SEDTaskProperty>
            </ns2:SEDTask>
        </ns2:SEDCronJob>
        <ns2:SEDCronJob id="19" name="zpp-a" active="true" second="0" minute="*/1" hour="5,6,7,8,9,10,11,12,13,14,15" dayOfMonth="*" month="*" dayOfWeek="1-6">
            <ns2:SEDTask taskType="zpp-plugin">
                <ns2:SEDTaskProperty id="20" key="zpp.sedbox">a.department</ns2:SEDTaskProperty>
                <ns2:SEDTaskProperty id="21" key="zpp.sign.key.alias">test-zpp-sign</ns2:SEDTaskProperty>
                <ns2:SEDTaskProperty id="22" key="zpp.sign.keystore">keystore</ns2:SEDTaskProperty>
                <ns2:SEDTaskProperty id="23" key="zpp.max.mail.count">100</ns2:SEDTaskProperty>
            </ns2:SEDTask>
        </ns2:SEDCronJob>
        <ns2:SEDCronJob id="24" name="zpp-b" active="true" second="0" minute="*/1" hour="5,6,7,8,9,10,11,12,13,14,15" dayOfMonth="*" month="*" dayOfWeek="1-6">
            <ns2:SEDTask taskType="zpp-plugin">
                <ns2:SEDTaskProperty id="25" key="zpp.sedbox">b.department</ns2:SEDTaskProperty>
                <ns2:SEDTaskProperty id="26" key="zpp.sign.key.alias">test-zpp-sign</ns2:SEDTaskProperty>
                <ns2:SEDTaskProperty id="27" key="zpp.sign.keystore">keystore</ns2:SEDTaskProperty>
                <ns2:SEDTaskProperty id="28" key="zpp.max.mail.count">100</ns2:SEDTaskProperty>
            </ns2:SEDTask>
        </ns2:SEDCronJob>
        <ns2:SEDCronJob id="29" name="submit-dwr" active="true" second="0" minute="*/1" hour="*" dayOfMonth="*" month="*" dayOfWeek="*">
            <ns2:SEDTask taskType="filesubmitter">
                <ns2:SEDTaskProperty id="30" key="file.submit.folder">${laurentius.home}/submit/dwr/</ns2:SEDTaskProperty>
                <ns2:SEDTaskProperty id="31" key="service">DeliveryWithReceipt</ns2:SEDTaskProperty>
                <ns2:SEDTaskProperty id="32" key="action">Delivery</ns2:SEDTaskProperty>
                <ns2:SEDTaskProperty id="33" key="receiverEBox"></ns2:SEDTaskProperty>
                <ns2:SEDTaskProperty id="34" key="senderEBox">b.department</ns2:SEDTaskProperty>
            </ns2:SEDTask>
        </ns2:SEDCronJob>
        <ns2:SEDCronJob id="35" name="b-fiction" active="true" second="0" minute="*/1" hour="*" dayOfMonth="*" month="*" dayOfWeek="*">
            <ns2:SEDTask taskType="zpp-fiction-plugin">
                <ns2:SEDTaskProperty id="36" key="zpp.senderbox">b.department</ns2:SEDTaskProperty>
                <ns2:SEDTaskProperty id="37" key="zpp.sign.key.alias"></ns2:SEDTaskProperty>
                <ns2:SEDTaskProperty id="38" key="zpp.sign.keystore"></ns2:SEDTaskProperty>
                <ns2:SEDTaskProperty id="39" key="zpp.max.mail.count">100</ns2:SEDTaskProperty>
            </ns2:SEDTask>
        </ns2:SEDCronJob>
    </SEDCronJobs>
    <SEDTaskTypes>
        <ns2:SEDTaskType type="archive" name="Archive data" jndi="java:global/Laurentius-basic-tasks/TaskArchive!si.laurentius.commons.interfaces.TaskExecutionInterface" description="Archive data to 'xml' and files to archive-storage">
            <ns2:SEDTaskTypeProperty id="40" key="archive.folder" description="Archive folder" mandatory="true" type="string"/>
            <ns2:SEDTaskTypeProperty id="41" key="archive.chunk.size" description="Max mail count in chunk" mandatory="true" type="int"/>
            <ns2:SEDTaskTypeProperty id="42" key="archive.delete.records" description="Delete exported records (true/false)" mandatory="true" type="boolean"/>
            <ns2:SEDTaskTypeProperty id="43" key="archive.day.offset" description="Archive records older than [n] days" mandatory="true" type="int"/>
        </ns2:SEDTaskType>
        <ns2:SEDTaskType type="backup" name="Backup data" jndi="java:global/Laurentius-basic-tasks/TaskBackup!si.laurentius.commons.interfaces.TaskExecutionInterface" description="Backup data to 'xml' and files to backup-storage">
            <ns2:SEDTaskTypeProperty id="44" key="backup.folder" description="Archive folder" mandatory="true" type="string"/>
            <ns2:SEDTaskTypeProperty id="45" key="backup.chunk.size" description="Max mail count in chunk" mandatory="true" type="int"/>
            <ns2:SEDTaskTypeProperty id="46" key="backup.clear.first" description="Clear backup folder (true/false)" mandatory="true" type="boolean"/>
        </ns2:SEDTaskType>
        <ns2:SEDTaskType type="filesubmitter" name="File subbmiter" jndi="java:global/Laurentius-basic-tasks/TaskFileSubmitter!si.laurentius.commons.interfaces.TaskExecutionInterface" description="Task submits mail in given folder. '">
            <ns2:SEDTaskTypeProperty id="47" key="file.submit.folder" description="Submit folder" mandatory="true" type="string"/>
            <ns2:SEDTaskTypeProperty id="48" key="service" description="Service" mandatory="true" type="string"/>
            <ns2:SEDTaskTypeProperty id="49" key="action" description="Action" mandatory="true" type="string"/>
            <ns2:SEDTaskTypeProperty id="50" key="receiverEBox" description="Receiver box" mandatory="true" type="string"/>
            <ns2:SEDTaskTypeProperty id="51" key="senderEBox" description="Sender box" mandatory="true" type="string"/>
        </ns2:SEDTaskType>
        <ns2:SEDTaskType type="inboxreport" name="Inbox report" jndi="java:global/Laurentius-basic-tasks/TaskEmailInboxMailReport!si.laurentius.commons.interfaces.TaskExecutionInterface" description="Incomings mail list from sed box">
            <ns2:SEDTaskTypeProperty id="52" key="sedbox" description="SED-BOX" mandatory="true" type="string"/>
            <ns2:SEDTaskTypeProperty id="53" key="email.to" description="Receiver email addresses, separated by comma." mandatory="true" type="string"/>
            <ns2:SEDTaskTypeProperty id="54" key="email.from" description="Sender email address." mandatory="true" type="string"/>
            <ns2:SEDTaskTypeProperty id="55" key="email.subject" description="EMail subject." mandatory="true" type="string"/>
            <ns2:SEDTaskTypeProperty id="56" key="mail.config.jndi" description="Mail config jndi(def: java:jboss/mail/Default)" mandatory="true" type="string"/>
            <ns2:SEDTaskTypeProperty id="57" key="skip.on.NoMail" description="Supress if not Mail " mandatory="true" type="boolean"/>
            <ns2:SEDTaskTypeProperty id="58" key="new.only" description="Only if new mail " mandatory="true" type="boolean"/>
            <ns2:SEDTaskTypeProperty id="59" key="mail.status" description="Status list" mandatory="true" type="list" valueList=",DELETED"/>
        </ns2:SEDTaskType>
        <ns2:SEDTaskType type="statusreport" name="Status report" jndi="java:global/Laurentius-basic-tasks/TaskEmailStatusReport!si.laurentius.commons.interfaces.TaskExecutionInterface" description="Incoming outcomming mail report from sed box">
            <ns2:SEDTaskTypeProperty id="60" key="sedbox" description="SED-BOX" mandatory="true" type="string"/>
            <ns2:SEDTaskTypeProperty id="61" key="email.to" description="Receiver email addresses, separated by comma." mandatory="true" type="string"/>
            <ns2:SEDTaskTypeProperty id="62" key="email.from" description="Sender email address." mandatory="true" type="string"/>
            <ns2:SEDTaskTypeProperty id="63" key="email.subject" description="EMail subject." mandatory="true" type="string"/>
            <ns2:SEDTaskTypeProperty id="64" key="mail.config.jndi" description="Mail config jndi(def: java:jboss/mail/Default)" mandatory="true" type="string"/>
        </ns2:SEDTaskType>
        <ns2:SEDTaskType type="zpp-fiction-plugin" name="zpp fiction plugin" jndi="java:global/plugin-zpp/ZPPTaskFiction!si.laurentius.commons.interfaces.TaskExecutionInterface" description="Create FictionAdviceOfDelivery for outgoing mail and send ficiton notification to receiver">
            <ns2:SEDTaskTypeProperty id="69" key="zpp.senderbox" description="Sender sedbox." mandatory="true" type="string"/>
            <ns2:SEDTaskTypeProperty id="70" key="zpp.sign.key.alias" description="Signature key alias." mandatory="true" type="string"/>
            <ns2:SEDTaskTypeProperty id="71" key="zpp.sign.keystore" description="Keystore name." mandatory="true" type="string"/>
            <ns2:SEDTaskTypeProperty id="72" key="zpp.max.mail.count" description="Max mail count proccesed." mandatory="true" type="string"/>
        </ns2:SEDTaskType>
        <ns2:SEDTaskType type="zpp-plugin" name="ZPP plugin" jndi="java:global/plugin-zpp/ZPPTask!si.laurentius.commons.interfaces.TaskExecutionInterface" description="Sign deliveryadvice for incomming mail">
            <ns2:SEDTaskTypeProperty id="65" key="zpp.sedbox" description="Receiver sedbox." mandatory="true" type="string"/>
            <ns2:SEDTaskTypeProperty id="66" key="zpp.sign.key.alias" description="Signature key alias." mandatory="true" type="string"/>
            <ns2:SEDTaskTypeProperty id="67" key="zpp.sign.keystore" description="Keystore name." mandatory="true" type="string"/>
            <ns2:SEDTaskTypeProperty id="68" key="zpp.max.mail.count" description="Max mail count proccesed." mandatory="true" type="string"/>
        </ns2:SEDTaskType>
    </SEDTaskTypes>
    <SEDBoxes>
        <ns3:SEDBox localBoxName="a.department" activeFromDate="2016-04-20+02:00">
            <ns3:Export active="true" exportMetaData="true" folder="${laurentius.home}/export/a" fileMask="${Service}_${Id}" overwrite="false"/>
            <ns3:Execute active="false" command="" parameters=""/>
            <ns3:XSLT>
                <ns4:Namespace id="130" prefix="izv" namespace="http://sodisce.si/izvrsba"/>
                <ns4:XPathRule id="131" service="DeliveryWithReceipt" action="Delivery" transformation="${laurentius.home}/xslt/c2b_eizvrsba-demo_v01.xsl" xPath="//izv:OpisPosiljke/@schemaVersion" value="1.1"/>
            </ns3:XSLT>
        </ns3:SEDBox>
        <ns3:SEDBox localBoxName="b.department" activeFromDate="2016-04-20+02:00">
            <ns3:Export active="true" exportMetaData="true" folder="${laurentius.home}/export/b" fileMask="${Id}_${SenderEBox}_${Service}" overwrite="false"/>
            <ns3:Execute active="false" command="" parameters=""/>
            <ns3:XSLT>
                <ns4:Namespace id="136" prefix="izv" namespace="http://sodisce.si/izvrsba"/>
                <ns4:XPathRule id="137" service="DeliveryWithReceipt" action="Delivery" transformation="${laurentius.home}/xslt/c2b_eizvrsba-demo_v01.xsl" xPath="//izv:OpisPosiljke/@schemaVersion" value="1.1"/>
            </ns3:XSLT>
        </ns3:SEDBox>
    </SEDBoxes>
    <SEDPlugins>
        <ns5:SEDPlugin webContext="/laurentius-web/zpp-plugin" type="LegalZPP" name="ZPP plugin" description="ZPP - e-delivery: SVEV 2.0 service implementation" jndiInInterceptor="java:global/plugin-zpp/ZPPOutInterceptor!si.laurentius.commons.interfaces.SoapInterceptorInterface" jndiOutInterceptor="java:global/plugin-zpp/ZPPOutInterceptor!si.laurentius.commons.interfaces.SoapInterceptorInterface" tasksJNDIs="java:global/plugin-zpp/ZPPTask!si.laurentius.commons.interfaces.TaskExecutionInterface" jndi="java:global/plugin-zpp/ZPPPluginDescription!si.laurentius.commons.interfaces.PluginDescriptionInterface"/>
        <ns5:SEDPlugin webContext="/laurentius-web/testcase-plugin" type="TestCasePlugin" name="Test case plugin" description="Test case " jndiInInterceptor="" jndiOutInterceptor="java:global/plugin-zpp/ZPPOutInterceptor!si.laurentius.commons.interfaces.SoapInterceptorInterface" tasksJNDIs="java:global/plugin-zpp/ZPPTask!si.laurentius.commons.interfaces.TaskExecutionInterface" jndi="java:global/plugin-testcase/TestCasePluginDescription!si.laurentius.commons.interfaces.PluginDescriptionInterface"/>
    </SEDPlugins>
    <SEDProperties>
        <ns6:SEDProperty key="si.laurentius.pmode" value="pmode-conf.xml" group="SYSTEM"/>
        <ns6:SEDProperty key="si.laurentius.domain" value="mb-laurentius.si" group="SYSTEM"/>
    </SEDProperties>
    <SEDUsers>
        <ns7:SEDUser userId="user" activeFromDate="2016-04-20+02:00">
            <ns3:SEDBox localBoxName="a.department" activeFromDate="2016-04-20+02:00">
                <ns3:Export active="false" exportMetaData="true" folder="${laurentius.home}/export/a" fileMask="${Service}_${Id}"/>
                <ns3:Execute active="false" command="" parameters=""/>
                <ns3:XSLT/>
            </ns3:SEDBox>
            <ns3:SEDBox localBoxName="b.department" activeFromDate="2016-04-20+02:00">
                <ns3:Export active="false" exportMetaData="true" folder="${laurentius.home}/export/b" fileMask="${Id}_${SenderEBox}_${Service}"/>
                <ns3:Execute active="false" command="" parameters=""/>
                <ns3:XSLT/>
            </ns3:SEDBox>
        </ns7:SEDUser>
        <ns7:SEDUser userId="admin" adminRole="true" activeFromDate="2016-04-20+02:00">
            <ns3:SEDBox localBoxName="a.department" activeFromDate="2016-04-20+02:00">
                <ns3:Export active="false" exportMetaData="true" folder="${laurentius.home}/export/a" fileMask="${Service}_${Id}"/>
                <ns3:Execute active="false" command="" parameters=""/>
                <ns3:XSLT/>
            </ns3:SEDBox>
            <ns3:SEDBox localBoxName="b.department" activeFromDate="2016-04-20+02:00">
                <ns3:Export active="false" exportMetaData="true" folder="${laurentius.home}/export/b" fileMask="${Id}_${SenderEBox}_${Service}"/>
                <ns3:Execute active="false" command="" parameters=""/>
                <ns3:XSLT/>
            </ns3:SEDBox>
        </ns7:SEDUser>
    </SEDUsers>
    <SEDCertStores>

<ns8:SEDCertStore id="5" name="keystore" filePath="${laurentius.home}/security/laurentius.jks" type="jks" password="test1234">
            <ns8:SEDCertificate id="74" alias="test-laurentius" issuerDN="CN=test-laurentius, OU=laurentius, OU=cif, OU=vsrs, OU=si" subjectDN="CN=test-laurentius, OU=laurentius, OU=cif, OU=vsrs, OU=si" validFrom="2016-09-09T12:23:11+02:00" validTo="2019-09-09T12:23:11+02:00" serialNumber="398002935" type="X.509" keyEntry="true" keyPassword="key1234"/>
            <ns8:SEDCertificate id="75" alias="court-laurentius" issuerDN="CN=court-laurentius, OU=laurentius, OU=cif, OU=vsrs, OU=si" subjectDN="CN=court-laurentius, OU=laurentius, OU=cif, OU=vsrs, OU=si" validFrom="2016-09-09T12:23:13+02:00" validTo="2019-09-09T12:23:13+02:00" serialNumber="450867929" type="X.509" keyEntry="false"/>
            <ns8:SEDCertificate id="76" alias="test-tls" issuerDN="CN=test-tls, OU=laurentius, OU=cif, OU=vsrs, OU=si" subjectDN="CN=test-tls, OU=laurentius, OU=cif, OU=vsrs, OU=si" validFrom="2016-09-09T12:23:10+02:00" validTo="2019-09-09T12:23:10+02:00" serialNumber="578232686" type="X.509" keyEntry="true" keyPassword="key1234"/>
            <ns8:SEDCertificate id="77" alias="test-zpp-sign" issuerDN="CN=test-zpp-sign, OU=laurentius, OU=cif, OU=vsrs, OU=si" subjectDN="CN=test-zpp-sign, OU=laurentius, OU=cif, OU=vsrs, OU=si" validFrom="2016-09-09T12:23:12+02:00" validTo="2019-09-09T12:23:12+02:00" serialNumber="1174236342" type="X.509" keyEntry="true" keyPassword="key1234"/>
            <ns8:SEDCertificate id="78" alias="court-tls-client" issuerDN="CN=court-tls, OU=laurentius, OU=cif, OU=vsrs, OU=si" subjectDN="CN=court-tls, OU=laurentius, OU=cif, OU=vsrs, OU=si" validFrom="2016-09-09T12:23:14+02:00" validTo="2019-09-09T12:23:14+02:00" serialNumber="487500109" type="X.509" keyEntry="false"/>
            <ns8:SEDCertificate id="79" alias="b2g-test.sodisce.si" issuerDN="OU=sigov-ca, O=state-institutions, C=si" subjectDN="SERIALNUMBER=1236292610022 + CN=b2g-test.sodisce.si, OU=Servers, OU=web-certificates, O=state-institutions, C=si" validFrom="2012-11-05T11:06:30+01:00" validTo="2017-11-05T19:31:52+01:00" serialNumber="979270568" type="X.509" keyEntry="false"/>
        </ns8:SEDCertStore>
        <ns8:SEDCertStore id="6" name="rootCA" filePath="${laurentius.home}/security/root_ca.jks" type="JKS" password="test1234">
            <ns8:SEDCertificate id="80" alias="halcom-ca-po-3" issuerDN="CN=Halcom CA PO 3, O=Halcom d.d., C=SI" subjectDN="CN=Halcom CA PO 3, O=Halcom d.d., C=SI" validFrom="2009-01-01T00:33:31+01:00" validTo="2024-01-01T19:33:31+01:00" serialNumber="303647" type="X.509" keyEntry="false"/>
            <ns8:SEDCertificate id="81" alias="halcom-ca-po-2" issuerDN="CN=Halcom CA PO 2, O=Halcom, C=SI" subjectDN="CN=Halcom CA PO 2, O=Halcom, C=SI" validFrom="2004-02-07T19:33:31+01:00" validTo="2019-02-07T19:33:31+01:00" serialNumber="79074" type="X.509" keyEntry="false"/>
            <ns8:SEDCertificate id="82" alias="sigovca" issuerDN="OU=sigov-ca, O=state-institutions, C=si" subjectDN="OU=sigov-ca, O=state-institutions, C=si" validFrom="2001-01-10T14:52:52+01:00" validTo="2021-01-10T15:22:52+01:00" serialNumber="979136538" type="X.509" keyEntry="false"/>
            <ns8:SEDCertificate id="83" alias="acnlb" issuerDN="O=ACNLB, C=SI" subjectDN="O=ACNLB, C=SI" validFrom="2003-05-15T13:52:45+02:00" validTo="2023-05-15T14:22:45+02:00" serialNumber="1053001358" type="X.509" keyEntry="false"/>
            <ns8:SEDCertificate id="84" alias="sigen-ca" issuerDN="OU=sigen-ca, O=state-institutions, C=si" subjectDN="OU=sigen-ca, O=state-institutions, C=si" validFrom="2001-06-29T23:27:46+02:00" validTo="2021-06-29T23:57:46+02:00" serialNumber="993851849" type="X.509" keyEntry="false"/>
            <ns8:SEDCertificate id="85" alias="halcom-ca-fo" issuerDN="CN=Halcom CA FO, O=Halcom, C=SI" subjectDN="CN=Halcom CA FO, O=Halcom, C=SI" validFrom="2005-06-05T12:33:31+02:00" validTo="2020-06-05T12:33:31+02:00" serialNumber="113253" type="X.509" keyEntry="false"/>
            <ns8:SEDCertificate id="86" alias="postarca" issuerDN="OU=POSTArCA, O=POSTA, C=SI" subjectDN="OU=POSTArCA, O=POSTA, C=SI" validFrom="2003-02-07T11:36:58+01:00" validTo="2023-02-07T12:06:58+01:00" serialNumber="1044616010" type="X.509" keyEntry="false"/>
        </ns8:SEDCertStore>

    </SEDCertStores>
    <SEDCertCRLs/>
</SedLookups>
